product_id,product_name,category,price,review_score,review_count,sales_month_1,sales_month_2,sales_month_3,sales_month_4
1,Product_1,Clothing,190.4,1.7,220,479,449,92,784
2,Product_2,Home & Kitchen,475.6,3.2,903,21,989,861,863
3,Product_3,Toys,367.34,4.5,163,348,558,567,143
4,Product_4,Toys,301.34,3.9,951,725,678,59,15
5,Product_5,Books,82.23,4.2,220,682,451,649,301
6,Product_6,Toys,82.22,3.6,270,834,288,38,422
7,Product_7,Electronics,33.75,3.8,632,565,140,539,244
8,Product_8,Electronics,433.76,4.4,906,905,83,48,926
9,Product_9,Electronics,302.55,2,848,809,693,419,106
10,Product_10,Clothing,355.5,3,400,319,390,636,87
11,Product_11,Toys,15.19,1.9,182,125,590,12,128
12,Product_12,Health,485.11,5,991,276,214,991,906
13,Product_13,Electronics,417.06,4.8,618,975,525,35,886
14,Product_14,Books,110.11,1.2,729,203,214,100,340
15,Product_15,Clothing,95,3.8,205,193,402,793,3
16,Product_16,Books,95.79,4.7,582,680,127,85,326
17,Product_17,Toys,155.6,1.7,556,663,821,515,409
18,Product_18,Home & Kitchen,264.75,3.3,841,546,476,222,878
19,Product_19,Books,218.81,4.7,813,695,759,337,305
20,Product_20,Home & Kitchen,149.16,1.1,228,285,403,959,907
21,Product_21,Clothing,307.87,3.8,696,56,28,165,606
22,Product_22,Books,74.05,2.2,619,733,791,382,720
23,Product_23,Books,149.61,4.7,596,302,337,855,224
24,Product_24,Sports,186.35,4.9,850,162,830,894,970
25,Product_25,Clothing,230.75,4.8,250,18,713,375,347
26,Product_26,Clothing,393.66,2.9,875,369,360,470,991
27,Product_27,Electronics,103.84,4.4,441,263,568,789,320
28,Product_28,Toys,259.55,4.4,533,793,391,641,558
29,Product_29,Books,298.25,2.3,196,112,217,30,987
30,Product_30,Books,27.99,4.3,690,487,573,374,180
31,Product_31,Health,305.73,1.1,929,326,668,10,617
32,Product_32,Clothing,89.41,3.4,987,541,201,987,710
33,Product_33,Clothing,37.2,1.9,519,646,16,301,385
34,Product_34,Toys,474.7,1.5,70,578,321,95,617
35,Product_35,Clothing,482.99,1.3,639,64,517,189,791
36,Product_36,Home & Kitchen,405.16,3.8,399,291,569,452,771
37,Product_37,Home & Kitchen,155.78,2.4,978,24,324,191,107
38,Product_38,Sports,53.35,3.9,672,548,411,485,530
39,Product_39,Home & Kitchen,343.7,1.3,760,0,317,265,409
40,Product_40,Home & Kitchen,222.88,2.3,203,910,680,423,970
41,Product_41,Toys,65.41,3.2,148,548,964,127,295
42,Product_42,Books,250.11,4.2,472,140,81,237,817
43,Product_43,Home & Kitchen,22.02,2.3,655,743,473,919,170
44,Product_44,Sports,455.11,3.5,944,647,467,354,330
45,Product_45,Clothing,133.1,4.5,199,900,424,939,492
46,Product_46,Home & Kitchen,332.95,3.5,917,187,944,111,194
47,Product_47,Sports,159.3,1.9,426,127,730,827,11
48,Product_48,Toys,262.43,1.1,666,200,688,445,194
49,Product_49,Health,275.62,4.5,492,126,203,342,489
50,Product_50,Health,96.5,1.1,888,256,582,144,794
51,Product_51,Health,484.94,4.5,896,675,386,64,880
52,Product_52,Clothing,388.69,3.1,142,546,777,246,181
53,Product_53,Sports,470.05,4.8,313,193,97,734,961
54,Product_54,Home & Kitchen,447.94,4.2,165,702,344,990,816
55,Product_55,Books,300.96,5,314,103,802,489,655
56,Product_56,Clothing,461.33,2.4,21,534,207,824,897
57,Product_57,Clothing,48.8,4.1,82,264,513,438,315
58,Product_58,Health,102.01,2.6,581,801,635,105,693
59,Product_59,Books,27.39,2.9,131,941,791,180,29
60,Product_60,Health,166.04,3.5,599,973,585,183,595
61,Product_61,Clothing,197.4,4.5,730,383,165,225,677
62,Product_62,Home & Kitchen,139.32,4.9,933,259,21,776,795
63,Product_63,Health,415.23,4.1,984,413,153,789,792
64,Product_64,Health,181.59,2.7,305,990,938,908,95
65,Product_65,Health,144.06,2.7,915,357,438,88,380
66,Product_66,Clothing,273.63,4,371,74,294,687,777
67,Product_67,Home & Kitchen,74.76,2,857,354,218,529,443
68,Product_68,Books,402.09,1.4,853,583,668,370,297
69,Product_69,Electronics,41.9,2.4,384,770,494,971,807
70,Product_70,Books,493.51,2.1,908,909,229,935,736
71,Product_71,Home & Kitchen,387.26,2.2,445,187,19,912,844
72,Product_72,Toys,103.36,1.9,425,972,986,398,360
73,Product_73,Health,7.73,1.2,161,684,552,105,373
74,Product_74,Books,408.65,1.1,178,991,949,270,553
75,Product_75,Toys,354.89,5,629,289,147,974,302
76,Product_76,Toys,365.86,2.7,708,44,107,830,420
77,Product_77,Home & Kitchen,386.78,2.5,895,572,402,502,245
78,Product_78,Home & Kitchen,41.65,3.7,490,82,595,678,719
79,Product_79,Health,182.44,1.9,327,122,482,524,236
80,Product_80,Electronics,62.36,4.8,598,357,366,848,533
81,Product_81,Sports,432.24,4.1,289,527,833,31,184
82,Product_82,Clothing,313.53,1.4,593,65,413,392,467
83,Product_83,Books,168.79,2.7,664,935,308,39,753
84,Product_84,Home & Kitchen,36.46,4.5,573,656,801,659,362
85,Product_85,Books,158.94,4.8,573,374,917,217,282
86,Product_86,Sports,165.97,2.9,354,161,834,730,552
87,Product_87,Sports,366.16,3.5,28,745,133,980,335
88,Product_88,Health,320.59,1.7,954,379,718,81,161
89,Product_89,Toys,444.17,5,43,655,282,844,159
90,Product_90,Health,238.75,1.9,681,357,777,719,473
91,Product_91,Clothing,64.2,4.8,423,187,72,200,600
92,Product_92,Electronics,358.06,3.6,598,321,480,446,321
93,Product_93,Books,381.59,3.4,177,449,351,843,11
94,Product_94,Clothing,282.83,3.1,529,473,559,427,423
95,Product_95,Electronics,386.63,1.9,610,12,325,37,72
96,Product_96,Books,249.43,1.7,966,183,744,210,587
97,Product_97,Clothing,263.75,1.9,494,110,442,443,857
98,Product_98,Home & Kitchen,216.63,1.7,198,926,99,326,200
99,Product_99,Books,17.58,4.1,610,507,58,760,521
100,Product_100,Clothing,58.41,2.4,577,289,507,226,863
101,Product_101,Sports,20.56,1.2,842,294,257,47,504
102,Product_102,Electronics,320.02,4.9,853,450,412,17,737
103,Product_103,Clothing,160.61,4.5,517,903,451,911,687
104,Product_104,Home & Kitchen,256.74,4.7,514,214,64,438,787
105,Product_105,Health,454.25,5,22,973,594,806,38
106,Product_106,Books,128.4,1.7,112,631,153,707,59
107,Product_107,Books,208.14,2.6,57,893,984,186,577
108,Product_108,Books,379,4,66,566,265,344,320
109,Product_109,Home & Kitchen,118.26,3.8,842,26,820,223,434
110,Product_110,Electronics,43.11,1.6,98,629,78,829,635
111,Product_111,Books,148.43,4.3,144,732,314,487,675
112,Product_112,Electronics,84.8,1.9,880,230,661,908,407
113,Product_113,Clothing,465.2,1.9,435,564,946,876,922
114,Product_114,Sports,405.02,3.1,637,806,559,848,385
115,Product_115,Sports,318.53,3.4,679,320,916,228,670
116,Product_116,Electronics,436.37,3.3,86,912,890,389,568
117,Product_117,Electronics,402.82,1.4,588,232,247,978,77
118,Product_118,Sports,97.35,4.5,344,669,789,588,193
119,Product_119,Books,446.82,2.1,936,436,867,187,284
120,Product_120,Toys,271.97,1.5,294,780,609,857,526
121,Product_121,Toys,404.68,4.6,956,532,413,269,523
122,Product_122,Home & Kitchen,448.57,4.8,571,402,24,606,612
123,Product_123,Health,162.41,4.4,650,52,283,309,155
124,Product_124,Sports,59.48,4.2,611,786,448,131,339
125,Product_125,Sports,117.83,3.6,704,312,880,550,124
126,Product_126,Home & Kitchen,216.42,3.2,243,280,300,71,870
127,Product_127,Toys,409.92,1.3,831,725,67,792,279
128,Product_128,Clothing,431.06,2.6,561,30,6,844,916
129,Product_129,Books,8.44,2.5,960,336,816,671,905
130,Product_130,Books,257.82,2,32,182,136,186,621
131,Product_131,Clothing,211.62,3.9,391,22,163,485,845
132,Product_132,Clothing,114.94,3,277,543,82,190,868
133,Product_133,Toys,64.33,1.3,532,445,896,421,657
134,Product_134,Home & Kitchen,172.12,1.9,154,73,649,119,727
135,Product_135,Clothing,471.74,3.7,383,9,419,219,909
136,Product_136,Home & Kitchen,164.99,1.3,68,483,72,52,673
137,Product_137,Health,261.8,4.4,878,455,236,733,127
138,Product_138,Electronics,352.99,3,884,565,45,450,313
139,Product_139,Books,185,2.9,214,563,617,411,331
140,Product_140,Toys,486.03,3.4,655,659,927,642,149
141,Product_141,Books,481.41,4.3,376,159,799,236,453
142,Product_142,Toys,129.63,2.4,744,881,261,757,35
143,Product_143,Electronics,251.14,3.7,213,13,175,737,684
144,Product_144,Books,153.93,3.3,79,177,165,719,419
145,Product_145,Electronics,146,2.1,726,411,656,405,21
146,Product_146,Toys,23.26,4.5,628,877,841,607,205
147,Product_147,Clothing,306.73,4.2,604,52,369,421,638
148,Product_148,Health,253.83,3.6,782,407,794,711,847
149,Product_149,Books,30.48,4.4,923,846,53,246,956
150,Product_150,Electronics,142.93,4.5,381,21,689,71,355
151,Product_151,Sports,454.59,3.8,680,29,418,829,439
152,Product_152,Books,123.58,4.3,58,702,755,184,728
153,Product_153,Books,76.72,3.8,796,259,506,5,95
154,Product_154,Books,247.28,3.7,26,204,340,205,928
155,Product_155,Home & Kitchen,492.9,3.5,881,58,126,543,940
156,Product_156,Electronics,124.82,4,447,470,408,610,163
157,Product_157,Electronics,337.71,1.6,66,775,923,905,147
158,Product_158,Books,382,4.5,921,465,366,386,529
159,Product_159,Clothing,122.63,4.5,760,11,270,767,293
160,Product_160,Books,365.47,1.1,254,630,643,698,194
161,Product_161,Home & Kitchen,187.05,4.3,899,926,604,75,662
162,Product_162,Toys,317.99,1.5,968,973,378,176,479
163,Product_163,Home & Kitchen,318.6,2.3,44,289,72,826,876
164,Product_164,Clothing,270.21,4,97,849,922,798,122
165,Product_165,Books,49.69,1.6,554,759,921,348,399
166,Product_166,Electronics,418.47,4.3,227,353,914,254,698
167,Product_167,Health,163.79,4.3,774,638,247,836,964
168,Product_168,Sports,97.33,3,679,74,859,701,451
169,Product_169,Books,25.18,1,436,872,784,307,660
170,Product_170,Clothing,297.49,2.1,791,715,42,344,103
171,Product_171,Electronics,340.39,3.5,601,560,376,126,754
172,Product_172,Home & Kitchen,13.21,4.9,379,590,40,936,461
173,Product_173,Toys,258.49,3.5,178,440,169,286,742
174,Product_174,Toys,117.12,2,427,990,945,765,990
175,Product_175,Health,324.36,3.5,915,240,211,724,717
176,Product_176,Books,91.31,3.2,709,860,492,761,709
177,Product_177,Home & Kitchen,347.01,4.1,307,153,679,595,395
178,Product_178,Health,196.43,1.4,779,785,38,486,911
179,Product_179,Sports,468.68,4,504,95,368,382,336
180,Product_180,Sports,73.07,3.2,268,725,756,405,598
181,Product_181,Health,173.83,4.9,586,293,150,387,141
182,Product_182,Clothing,61.17,2.4,8,208,110,524,316
183,Product_183,Toys,462.72,3.5,920,342,479,556,710
184,Product_184,Home & Kitchen,439.28,4.7,508,87,435,638,557
185,Product_185,Books,132.68,1.4,476,817,46,937,799
186,Product_186,Electronics,331.69,4.7,297,775,574,625,526
187,Product_187,Books,409.52,3.8,164,936,736,944,555
188,Product_188,Books,279.82,1.3,485,389,365,275,400
189,Product_189,Home & Kitchen,267.18,2.2,597,324,68,499,680
190,Product_190,Toys,124.72,3.8,72,939,298,716,309
191,Product_191,Home & Kitchen,51.09,1.3,567,888,943,336,494
192,Product_192,Electronics,449.12,3.3,905,831,801,949,555
193,Product_193,Health,450.71,2.4,559,156,295,931,609
194,Product_194,Home & Kitchen,318.39,3.5,911,667,202,480,772
195,Product_195,Clothing,172.82,1.2,944,650,60,896,108
196,Product_196,Books,177.86,4.5,238,632,945,910,794
197,Product_197,Toys,364.35,4.9,104,576,962,972,371
198,Product_198,Sports,449.07,4.9,210,618,829,272,854
199,Product_199,Electronics,444.11,4,554,658,313,919,615
200,Product_200,Sports,391.04,1.5,828,136,160,57,767
201,Product_201,Books,322.81,4,468,922,330,327,890
202,Product_202,Home & Kitchen,46.65,1.1,454,673,527,730,205
203,Product_203,Sports,85.01,1.1,268,427,337,108,846
204,Product_204,Clothing,449.78,2.3,386,451,605,278,42
205,Product_205,Home & Kitchen,305.18,3,775,611,303,685,864
206,Product_206,Books,9.55,4.1,848,849,502,327,244
207,Product_207,Sports,55.23,3.7,387,910,649,775,286
208,Product_208,Health,333.43,2.8,877,818,337,314,354
209,Product_209,Electronics,7.51,2.1,259,140,549,473,784
210,Product_210,Sports,84.6,5,283,82,638,110,475
211,Product_211,Health,276.62,2.7,626,176,274,698,82
212,Product_212,Health,347.49,2.8,875,197,163,780,109
213,Product_213,Sports,327.72,1.7,40,623,442,934,949
214,Product_214,Toys,116.01,4.2,486,567,318,228,189
215,Product_215,Sports,357.53,3.8,929,971,588,496,982
216,Product_216,Books,122.44,1.9,220,690,503,155,799
217,Product_217,Health,166.07,1.3,129,420,685,472,935
218,Product_218,Electronics,374.51,3.7,520,400,386,700,908
219,Product_219,Books,326.57,3.6,613,697,969,271,250
220,Product_220,Clothing,425.37,2.1,928,470,869,886,723
221,Product_221,Home & Kitchen,330.52,4.8,892,217,832,1,290
222,Product_222,Sports,286.31,1.6,688,924,887,757,644
223,Product_223,Toys,51.37,2.7,619,928,602,721,200
224,Product_224,Electronics,187.02,4.8,613,827,749,510,796
225,Product_225,Toys,136.28,2.7,260,986,775,912,325
226,Product_226,Toys,125.77,3.6,990,728,690,285,510
227,Product_227,Toys,486.64,2.6,966,631,493,870,408
228,Product_228,Sports,199.58,2.1,366,950,489,12,606
229,Product_229,Electronics,446.56,4.9,758,905,720,607,789
230,Product_230,Electronics,317.41,2.6,787,174,72,497,961
231,Product_231,Health,398.43,4.6,544,22,508,732,940
232,Product_232,Toys,253.81,1.9,649,724,389,237,836
233,Product_233,Health,290.57,1.9,524,916,618,93,507
234,Product_234,Health,248.8,1.1,907,234,856,337,730
235,Product_235,Home & Kitchen,101.65,3.6,814,12,294,780,600
236,Product_236,Sports,362.61,2.5,887,100,368,170,71
237,Product_237,Sports,143.98,4.5,16,928,955,980,246
238,Product_238,Books,17.04,2.9,129,535,795,605,640
239,Product_239,Health,324.51,4.9,575,875,864,660,723
240,Product_240,Sports,92.67,1.7,109,522,693,623,939
241,Product_241,Toys,470.53,4.5,887,784,548,566,854
242,Product_242,Clothing,477.19,4.1,533,451,648,848,607
243,Product_243,Toys,457.86,4.1,670,430,849,935,586
244,Product_244,Electronics,188.23,4.4,269,792,567,466,934
245,Product_245,Sports,12.65,4,162,605,186,627,565
246,Product_246,Sports,464.52,3.5,260,712,852,142,343
247,Product_247,Books,216.95,1.5,924,532,769,200,970
248,Product_248,Health,483.49,1.1,102,851,444,179,924
249,Product_249,Clothing,481.99,4.7,506,978,569,713,53
250,Product_250,Sports,427.24,3.5,735,722,362,363,729
251,Product_251,Books,150.75,4.2,571,651,122,478,527
252,Product_252,Books,195.62,2.9,247,292,187,564,610
253,Product_253,Clothing,426.31,1.5,640,809,741,470,531
254,Product_254,Toys,161.88,1.5,795,912,679,383,557
255,Product_255,Toys,88.9,3.7,837,100,419,691,962
256,Product_256,Toys,280.62,2.7,537,501,625,925,192
257,Product_257,Home & Kitchen,468.4,1.8,131,303,251,416,894
258,Product_258,Health,349.53,3,353,870,618,824,57
259,Product_259,Health,287.18,1.3,196,539,548,307,436
260,Product_260,Toys,53.1,3.3,793,552,334,648,110
261,Product_261,Clothing,309.43,2.1,916,354,91,693,128
262,Product_262,Home & Kitchen,495.08,4.2,930,302,529,366,848
263,Product_263,Health,74.34,2.2,666,495,865,0,705
264,Product_264,Toys,261.57,2.8,382,657,62,43,924
265,Product_265,Home & Kitchen,439.3,1,645,767,661,738,851
266,Product_266,Clothing,371.68,1.3,227,973,511,842,325
267,Product_267,Toys,350.02,2.6,701,226,138,97,7
268,Product_268,Electronics,352.73,2.9,476,235,697,719,28
269,Product_269,Sports,182.95,3.4,477,872,184,264,111
270,Product_270,Clothing,150.33,2.2,265,891,204,799,946
271,Product_271,Books,405.63,3.8,372,454,771,782,672
272,Product_272,Books,406.01,4.4,486,1000,213,139,130
273,Product_273,Clothing,434.2,4.1,434,12,255,480,187
274,Product_274,Books,457.05,1.2,646,209,134,236,674
275,Product_275,Health,258.11,2.9,211,740,572,973,708
276,Product_276,Clothing,253.25,1.4,572,396,874,952,474
277,Product_277,Electronics,400.16,2,940,99,821,903,363
278,Product_278,Clothing,326.73,4.9,377,30,87,71,203
279,Product_279,Toys,352.47,1.6,395,897,835,666,211
280,Product_280,Toys,398.92,3,450,527,987,189,620
281,Product_281,Home & Kitchen,445.55,3.5,943,648,206,267,275
282,Product_282,Books,172.31,3.8,364,328,128,320,72
283,Product_283,Sports,190.91,3.2,876,165,822,106,678
284,Product_284,Books,51.52,1,457,458,2,231,771
285,Product_285,Health,291.25,2.3,725,821,973,41,242
286,Product_286,Clothing,22.79,3.1,728,951,933,701,786
287,Product_287,Sports,235.47,1.4,226,981,753,882,101
288,Product_288,Sports,273.61,2.4,982,992,120,138,986
289,Product_289,Books,146.84,1.1,131,99,384,614,684
290,Product_290,Sports,297.46,1.3,588,620,613,682,170
291,Product_291,Sports,20.1,2.6,476,854,37,862,652
292,Product_292,Toys,23.49,1.5,798,172,340,272,908
293,Product_293,Electronics,412.19,3.3,986,748,924,480,187
294,Product_294,Clothing,183.29,3.8,277,161,644,415,440
295,Product_295,Books,67.89,4.2,156,904,713,505,85
296,Product_296,Toys,263.51,1.8,760,727,859,732,475
297,Product_297,Health,386.15,1.7,218,775,20,724,51
298,Product_298,Health,111.83,1.4,190,262,241,852,110
299,Product_299,Home & Kitchen,313.33,3.5,417,803,454,423,948
300,Product_300,Sports,47.25,3.8,981,273,962,406,876
301,Product_301,Sports,30.58,1.1,675,2,620,567,853
302,Product_302,Books,268.02,4.7,692,27,302,389,42
303,Product_303,Electronics,272.61,1.2,546,325,595,341,210
304,Product_304,Electronics,320.53,3.2,41,939,594,945,967
305,Product_305,Books,364.42,3.8,307,148,802,613,199
306,Product_306,Books,488.05,4.5,943,539,963,932,809
307,Product_307,Toys,260.57,3.9,338,487,68,492,857
308,Product_308,Health,164.86,4.2,314,821,128,191,751
309,Product_309,Books,398.62,2.4,75,437,195,498,626
310,Product_310,Health,139.06,4.3,953,64,139,821,25
311,Product_311,Home & Kitchen,222.29,1.3,279,355,443,711,918
312,Product_312,Health,43.84,4.6,176,532,282,232,298
313,Product_313,Toys,17.55,3.2,896,251,311,944,76
314,Product_314,Sports,481.51,4.3,662,234,745,226,923
315,Product_315,Sports,418.81,2.8,273,226,534,370,136
316,Product_316,Health,349.51,3.6,837,524,664,138,19
317,Product_317,Sports,207.43,3.1,620,312,276,855,439
318,Product_318,Sports,90.78,3.9,651,48,60,816,210
319,Product_319,Clothing,82.44,1.3,862,117,318,148,751
320,Product_320,Home & Kitchen,128.87,1.2,783,53,889,114,550
321,Product_321,Toys,276.87,2,859,649,51,449,434
322,Product_322,Toys,358.72,1.6,931,564,855,62,779
323,Product_323,Sports,331.8,4.5,289,43,152,103,206
324,Product_324,Electronics,143.57,1.9,724,814,748,850,990
325,Product_325,Toys,477.66,4.9,893,52,310,870,438
326,Product_326,Home & Kitchen,370.26,2.3,272,585,813,667,973
327,Product_327,Books,279.41,1.7,930,557,543,272,778
328,Product_328,Home & Kitchen,307.8,4.2,66,524,566,5,665
329,Product_329,Sports,212.7,3.6,483,676,863,146,41
330,Product_330,Sports,127.63,3,936,101,388,183,410
331,Product_331,Clothing,181.21,3.2,248,791,547,997,522
332,Product_332,Health,380.13,3.9,156,769,621,27,805
333,Product_333,Toys,12.12,1.9,47,981,176,961,609
334,Product_334,Health,62.46,5,935,848,361,549,426
335,Product_335,Health,27.77,4.9,454,867,313,118,274
336,Product_336,Toys,25.16,3.6,201,397,806,292,447
337,Product_337,Toys,428.45,1.8,660,137,847,370,901
338,Product_338,Sports,353.31,3.7,124,674,96,243,941
339,Product_339,Toys,239.72,1.3,1,920,880,579,883
340,Product_340,Electronics,53.43,1.1,968,386,212,725,741
341,Product_341,Electronics,248.35,2,759,110,828,217,368
342,Product_342,Books,239.37,2.9,855,613,136,176,937
343,Product_343,Toys,90.73,4.5,640,16,5,298,219
344,Product_344,Clothing,219.76,3.9,191,779,108,675,576
345,Product_345,Books,202.26,4,579,181,546,57,866
346,Product_346,Sports,309.85,2.7,516,883,38,268,231
347,Product_347,Toys,319.37,2.4,442,535,661,307,327
348,Product_348,Electronics,27.43,2.5,921,540,424,569,442
349,Product_349,Clothing,190.43,5,815,170,629,287,51
350,Product_350,Books,314.8,1.2,806,408,260,976,885
351,Product_351,Clothing,254.05,4.5,143,739,425,104,942
352,Product_352,Toys,428.96,3.3,191,377,86,227,375
353,Product_353,Home & Kitchen,331.05,2.8,533,187,464,246,262
354,Product_354,Clothing,85.65,3.9,227,857,75,699,266
355,Product_355,Clothing,39.93,2.9,313,229,470,493,358
356,Product_356,Sports,323,4.5,629,832,975,82,316
357,Product_357,Electronics,18.12,4.6,949,851,962,185,323
358,Product_358,Toys,294.96,2.7,302,118,413,251,920
359,Product_359,Clothing,470.41,2.1,654,155,824,354,907
360,Product_360,Toys,289.86,3.4,996,783,894,749,665
361,Product_361,Electronics,197.14,4.6,460,686,725,871,869
362,Product_362,Sports,323.43,1.8,401,464,456,695,877
363,Product_363,Toys,231.84,3.5,551,103,284,795,651
364,Product_364,Health,275.08,3.5,393,603,238,896,938
365,Product_365,Electronics,471.03,3.9,867,697,676,937,562
366,Product_366,Electronics,196.12,1.5,764,971,598,209,628
367,Product_367,Books,480.79,3.9,845,794,652,815,420
368,Product_368,Sports,453.15,4.6,207,501,671,807,45
369,Product_369,Sports,101.92,1.7,210,692,557,608,820
370,Product_370,Health,39.33,2,115,681,371,446,599
371,Product_371,Toys,54.89,4.9,737,698,494,459,719
372,Product_372,Home & Kitchen,14.02,1.7,646,174,623,967,888
373,Product_373,Health,51.75,4.4,251,733,918,471,268
374,Product_374,Books,343.09,3,219,744,44,719,600
375,Product_375,Sports,40.24,2,407,673,400,369,380
376,Product_376,Electronics,162.89,4.5,443,420,246,899,117
377,Product_377,Sports,423.21,2.8,603,133,615,933,565
378,Product_378,Health,16.52,3.1,354,390,596,491,952
379,Product_379,Home & Kitchen,408.16,2.4,888,991,449,922,115
380,Product_380,Clothing,144.52,3.4,558,735,484,136,629
381,Product_381,Clothing,63.49,1.7,550,500,645,366,259
382,Product_382,Sports,349.88,2.6,142,664,619,911,74
383,Product_383,Sports,316.33,4.9,612,32,17,183,479
384,Product_384,Books,439.35,2,501,54,605,587,304
385,Product_385,Sports,368.86,3.6,840,953,661,286,6
386,Product_386,Home & Kitchen,402.72,2.3,702,518,757,471,365
387,Product_387,Sports,144.61,4.1,547,755,288,374,633
388,Product_388,Toys,92.83,1.5,659,824,413,653,522
389,Product_389,Health,376.55,4.9,542,637,720,748,347
390,Product_390,Home & Kitchen,404.38,2.8,846,11,637,536,437
391,Product_391,Books,495.3,1.9,507,527,234,510,1000
392,Product_392,Toys,209.25,1.3,596,719,415,801,214
393,Product_393,Toys,189.15,1.7,881,554,937,578,428
394,Product_394,Health,389.32,3.1,281,372,498,249,790
395,Product_395,Clothing,173.7,2.3,424,483,973,919,497
396,Product_396,Home & Kitchen,465.72,4.3,856,972,633,509,539
397,Product_397,Health,429.91,2.7,270,646,649,629,746
398,Product_398,Toys,217.35,2,154,227,114,72,366
399,Product_399,Books,376.68,3.5,614,622,931,281,312
400,Product_400,Health,378.5,3.8,727,306,673,915,537
401,Product_401,Clothing,56.05,1.7,662,456,712,959,920
402,Product_402,Toys,451.76,1.7,944,159,233,359,53
403,Product_403,Health,255.1,1.1,83,330,539,9,540
404,Product_404,Home & Kitchen,414.1,3.9,622,775,10,210,466
405,Product_405,Clothing,163.42,3.7,947,224,205,834,864
406,Product_406,Home & Kitchen,448.28,2.9,899,982,678,151,163
407,Product_407,Home & Kitchen,197.65,4.4,426,728,246,4,781
408,Product_408,Home & Kitchen,10.36,4.2,275,503,558,194,333
409,Product_409,Health,453.16,3.3,713,455,757,953,546
410,Product_410,Clothing,50.19,4.5,284,44,126,282,797
411,Product_411,Health,163.06,1.8,980,213,146,463,347
412,Product_412,Health,475.28,1.4,173,58,117,112,272
413,Product_413,Health,475.55,2.1,327,643,910,270,962
414,Product_414,Toys,288.85,1.2,718,615,381,162,719
415,Product_415,Sports,317.76,3.1,63,194,411,459,749
416,Product_416,Electronics,226.98,4.7,73,924,663,104,413
417,Product_417,Toys,150.14,1.2,763,488,583,692,499
418,Product_418,Clothing,167.69,1.5,636,156,362,555,92
419,Product_419,Electronics,337.9,2.8,375,609,508,281,684
420,Product_420,Electronics,377.43,4.7,633,225,136,686,78
421,Product_421,Electronics,396.83,2.3,508,411,174,161,621
422,Product_422,Sports,395.86,3,787,204,288,982,216
423,Product_423,Health,50.15,1.2,943,78,957,350,946
424,Product_424,Books,249.74,1.6,398,123,480,433,357
425,Product_425,Clothing,33.49,4.9,120,470,18,851,617
426,Product_426,Sports,277.02,4.9,934,939,194,139,506
427,Product_427,Sports,223.56,1,437,217,329,470,558
428,Product_428,Books,444.41,4.8,829,515,935,131,180
429,Product_429,Electronics,178.7,3.6,676,601,174,86,575
430,Product_430,Health,62.95,4.5,936,103,448,687,245
431,Product_431,Books,75.78,2.8,465,392,924,182,243
432,Product_432,Books,381.95,3.1,286,630,945,367,505
433,Product_433,Sports,311.02,3,265,644,353,128,421
434,Product_434,Clothing,55.06,3.7,320,823,498,245,319
435,Product_435,Home & Kitchen,46.63,1.6,673,607,140,600,86
436,Product_436,Health,351.98,1.1,376,979,757,577,216
437,Product_437,Books,41.02,2.2,820,433,896,669,489
438,Product_438,Health,411.82,3.8,89,330,929,898,518
439,Product_439,Books,354.59,1.8,654,142,92,377,277
440,Product_440,Electronics,45.27,3.7,203,799,943,148,848
441,Product_441,Health,46.99,4.9,821,539,238,984,721
442,Product_442,Electronics,493.39,1.4,739,277,204,851,168
443,Product_443,Sports,190.26,3.7,955,232,559,432,329
444,Product_444,Electronics,188.47,2.8,334,528,432,627,649
445,Product_445,Health,407.34,4.5,222,570,244,725,440
446,Product_446,Toys,473.89,1.7,41,89,831,468,390
447,Product_447,Health,493.07,3.8,708,491,316,445,495
448,Product_448,Books,377.92,4.4,68,198,924,480,380
449,Product_449,Electronics,191.25,4.8,988,361,294,883,305
450,Product_450,Clothing,46.33,3.7,776,440,639,293,741
451,Product_451,Toys,389.69,3,514,25,855,764,986
452,Product_452,Sports,281.41,3.5,873,24,281,142,819
453,Product_453,Home & Kitchen,214.99,4.5,637,393,16,249,672
454,Product_454,Books,453.65,3.3,622,506,70,877,512
455,Product_455,Books,60.04,1.1,598,300,268,947,747
456,Product_456,Clothing,248.85,4.7,937,338,324,974,948
457,Product_457,Home & Kitchen,10.62,3.8,632,266,793,301,187
458,Product_458,Home & Kitchen,236.99,3.7,127,460,304,24,929
459,Product_459,Sports,32.87,1.9,255,692,450,788,515
460,Product_460,Sports,63.81,3.6,695,455,6,983,912
461,Product_461,Toys,63.18,2.6,16,359,313,888,643
462,Product_462,Books,326.36,3.6,477,67,816,889,426
463,Product_463,Electronics,374.29,1.4,62,862,102,900,501
464,Product_464,Sports,293.77,3.6,881,411,820,69,729
465,Product_465,Clothing,481.28,5,432,970,192,624,259
466,Product_466,Clothing,190.56,1.2,670,490,752,874,512
467,Product_467,Clothing,146.43,4.9,268,832,573,111,70
468,Product_468,Health,434.96,2.6,35,48,528,363,477
469,Product_469,Sports,115.68,4.5,779,686,170,302,177
470,Product_470,Sports,481.8,4.1,576,563,536,470,456
471,Product_471,Clothing,11.02,3.3,494,101,250,963,188
472,Product_472,Sports,485.09,4,562,215,764,90,290
473,Product_473,Health,26.36,4.5,469,437,386,529,519
474,Product_474,Electronics,446.12,2.6,767,699,206,660,764
475,Product_475,Electronics,266.21,2.3,661,568,540,987,919
476,Product_476,Toys,496.52,3.7,325,558,628,738,978
477,Product_477,Books,41.53,4.2,304,158,415,725,291
478,Product_478,Electronics,279.16,4,276,488,793,871,945
479,Product_479,Toys,484.8,4.2,869,685,379,662,755
480,Product_480,Home & Kitchen,263.93,2.7,963,241,143,191,634
481,Product_481,Books,316.55,4.3,684,793,24,962,810
482,Product_482,Electronics,349.4,1.5,929,752,821,551,282
483,Product_483,Health,230,3.2,201,881,667,241,543
484,Product_484,Home & Kitchen,315.64,1,445,4,72,137,845
485,Product_485,Toys,294.24,2.3,905,595,631,344,376
486,Product_486,Electronics,451.07,2.5,324,819,823,179,657
487,Product_487,Electronics,27.5,2.6,35,360,832,711,155
488,Product_488,Sports,144.08,3.8,977,458,92,502,507
489,Product_489,Home & Kitchen,475.45,2.6,482,247,504,202,412
490,Product_490,Electronics,445.68,2.8,728,565,597,572,527
491,Product_491,Clothing,230.55,2,480,672,335,191,354
492,Product_492,Health,311.97,2.5,65,945,424,4,558
493,Product_493,Sports,142.3,1.9,8,421,498,889,762
494,Product_494,Sports,98.12,1.3,301,922,363,236,186
495,Product_495,Electronics,234.53,3.4,343,737,946,692,30
496,Product_496,Health,179.91,3.7,431,14,629,310,259
497,Product_497,Sports,293.91,3.5,424,735,744,548,420
498,Product_498,Books,43.48,2.9,332,572,198,55,528
499,Product_499,Home & Kitchen,487.33,2.5,438,121,717,442,550
500,Product_500,Books,493.17,4.5,588,276,412,236,303
501,Product_501,Toys,350.59,3.1,174,557,338,869,941
502,Product_502,Books,270.37,2.9,559,452,658,860,985
503,Product_503,Health,158.22,1.1,527,389,961,196,943
504,Product_504,Clothing,407.83,2.4,873,293,936,584,38
505,Product_505,Sports,343.94,2.5,659,573,428,570,488
506,Product_506,Health,85.5,2.6,26,597,782,751,643
507,Product_507,Sports,455.91,3.3,820,445,898,513,541
508,Product_508,Clothing,412.16,3.1,605,209,138,448,669
509,Product_509,Sports,475.15,3.4,406,589,692,359,277
510,Product_510,Books,364.23,4.1,232,713,941,699,202
511,Product_511,Toys,308.64,4.3,533,301,541,818,65
512,Product_512,Electronics,212.03,3.9,819,908,56,29,107
513,Product_513,Clothing,466.7,4.8,550,222,231,778,267
514,Product_514,Books,433.7,1.1,788,733,657,987,221
515,Product_515,Health,27.38,1.8,505,2,434,107,803
516,Product_516,Books,18.05,1,669,989,383,843,529
517,Product_517,Books,191.35,3.6,179,517,559,934,89
518,Product_518,Electronics,406.22,4.6,132,92,193,601,692
519,Product_519,Home & Kitchen,493.7,2,823,519,735,716,254
520,Product_520,Sports,79.46,4.7,455,427,647,890,454
521,Product_521,Sports,299.09,1.2,348,492,533,967,252
522,Product_522,Health,193.54,4.7,540,234,517,958,256
523,Product_523,Toys,485.11,2.4,772,619,715,959,382
524,Product_524,Health,421.85,1.4,406,160,750,444,441
525,Product_525,Home & Kitchen,419.97,2.9,76,720,184,892,857
526,Product_526,Sports,237,2,941,751,871,437,598
527,Product_527,Toys,210.34,2.1,579,330,291,731,89
528,Product_528,Health,140.34,2.2,854,332,334,889,748
529,Product_529,Toys,32.91,4.2,492,49,731,605,389
530,Product_530,Books,433.04,3.2,194,522,115,456,581
531,Product_531,Clothing,407.39,2.2,984,862,824,614,43
532,Product_532,Books,499.86,3.4,162,667,48,734,711
533,Product_533,Electronics,498.34,3.9,347,491,684,697,663
534,Product_534,Sports,279.94,2.1,951,581,81,980,597
535,Product_535,Toys,385.65,2.7,361,680,833,695,18
536,Product_536,Health,472.66,1.5,769,271,332,494,100
537,Product_537,Clothing,425.58,1.7,584,579,556,673,913
538,Product_538,Health,127.44,3.7,87,866,334,246,606
539,Product_539,Sports,228.02,1.7,934,251,531,542,765
540,Product_540,Toys,68.93,3.1,262,559,959,563,356
541,Product_541,Toys,477.26,3.8,214,695,220,856,541
542,Product_542,Books,305.06,1.4,665,831,634,587,760
543,Product_543,Clothing,118.18,3.3,722,698,745,896,937
544,Product_544,Clothing,337.49,2,913,89,732,438,32
545,Product_545,Sports,310.97,4.9,573,445,322,277,969
546,Product_546,Toys,182.29,2.9,780,331,850,551,228
547,Product_547,Clothing,61.21,4.2,262,138,2,612,523
548,Product_548,Clothing,337.43,3.2,730,356,693,110,629
549,Product_549,Health,262.55,1.2,283,600,205,384,861
550,Product_550,Sports,387.3,3.5,648,273,831,832,154
551,Product_551,Books,262.48,4.8,467,18,39,760,422
552,Product_552,Health,426.83,3.4,380,982,58,190,904
553,Product_553,Health,278.19,4.3,362,310,950,489,245
554,Product_554,Home & Kitchen,282.66,4.5,449,869,573,693,404
555,Product_555,Electronics,438.94,1.9,441,885,643,425,843
556,Product_556,Home & Kitchen,204.72,1.8,93,977,506,404,758
557,Product_557,Clothing,71.34,3.4,621,153,571,334,540
558,Product_558,Toys,19.25,2.6,753,389,883,208,160
559,Product_559,Electronics,378.79,4.4,867,259,842,21,746
560,Product_560,Electronics,312.05,4.6,424,619,121,677,701
561,Product_561,Toys,353.52,2.4,142,882,478,610,116
562,Product_562,Electronics,110.42,1.9,291,796,618,207,270
563,Product_563,Toys,72.5,4.1,432,570,95,7,769
564,Product_564,Electronics,12.2,2.1,749,124,858,701,691
565,Product_565,Health,178.54,4.3,852,353,413,686,486
566,Product_566,Sports,297.01,2.7,824,272,234,784,884
567,Product_567,Sports,199.16,3.7,689,618,897,528,171
568,Product_568,Home & Kitchen,221.55,1.4,653,810,61,601,949
569,Product_569,Health,452.56,3.5,701,244,255,652,273
570,Product_570,Electronics,177.39,2.8,998,847,560,656,258
571,Product_571,Books,259.42,3.3,49,449,904,165,134
572,Product_572,Toys,392.91,1.7,302,929,347,848,682
573,Product_573,Health,201.29,3.9,881,246,670,495,721
574,Product_574,Electronics,312.93,4.5,190,519,123,589,747
575,Product_575,Sports,431.87,1.9,136,140,481,428,421
576,Product_576,Sports,475.01,1.4,555,361,316,773,420
577,Product_577,Toys,77.8,1.1,404,7,503,162,185
578,Product_578,Books,463.66,3.6,892,477,718,365,928
579,Product_579,Electronics,248.6,3.4,865,351,47,525,363
580,Product_580,Electronics,132.83,3.2,602,995,408,238,954
581,Product_581,Books,232.27,1.9,807,494,931,71,606
582,Product_582,Books,490.12,2.6,341,605,135,444,377
583,Product_583,Books,248.85,3.4,757,832,200,654,522
584,Product_584,Sports,167.73,3,945,426,249,821,579
585,Product_585,Toys,318.53,5,704,38,313,508,890
586,Product_586,Health,123.87,1.5,318,592,868,794,721
587,Product_587,Books,42.55,3.8,618,186,367,268,195
588,Product_588,Toys,68.8,2.6,363,595,428,752,880
589,Product_589,Home & Kitchen,68.38,2.7,822,599,829,414,97
590,Product_590,Electronics,80.19,3.9,382,753,806,244,604
591,Product_591,Electronics,73.72,3.8,233,853,479,674,983
592,Product_592,Clothing,322.23,5,777,92,313,59,21
593,Product_593,Home & Kitchen,95.03,1.5,344,85,499,5,449
594,Product_594,Health,176.11,1.4,549,43,720,708,171
595,Product_595,Books,448.91,3.9,817,136,354,981,382
596,Product_596,Books,239.61,3.3,553,420,484,569,133
597,Product_597,Health,335.44,2.1,529,73,210,816,425
598,Product_598,Sports,90.3,1.3,856,547,703,406,24
599,Product_599,Home & Kitchen,100.18,1.3,789,612,43,216,502
600,Product_600,Books,25.23,4.6,819,987,540,929,184
601,Product_601,Clothing,88.62,1.8,571,511,570,25,84
602,Product_602,Toys,142.9,2.3,935,155,582,814,566
603,Product_603,Electronics,92.62,1.9,183,937,91,4,762
604,Product_604,Home & Kitchen,48.91,2.4,41,254,264,985,143
605,Product_605,Electronics,64.71,1.3,551,170,894,531,862
606,Product_606,Toys,233.09,3.1,397,980,219,389,909
607,Product_607,Home & Kitchen,107.14,1.3,704,727,901,709,678
608,Product_608,Toys,185.31,4.2,779,169,924,570,411
609,Product_609,Books,254.19,1.9,494,763,441,447,223
610,Product_610,Health,346.75,3.2,659,871,400,753,219
611,Product_611,Books,24.46,4.5,907,321,399,145,178
612,Product_612,Health,400.71,3.6,333,566,726,387,630
613,Product_613,Books,315.81,3.1,127,455,990,784,432
614,Product_614,Toys,45.47,2.3,558,943,898,248,264
615,Product_615,Toys,437.42,2.3,557,602,788,525,953
616,Product_616,Toys,460.83,3.7,1,789,575,461,428
617,Product_617,Electronics,35.23,5,168,612,857,12,661
618,Product_618,Toys,142.05,3.6,620,154,803,902,415
619,Product_619,Books,404.07,3.2,19,888,489,383,452
620,Product_620,Clothing,375.39,3.9,332,348,484,555,726
621,Product_621,Toys,96.34,2.9,584,450,756,886,196
622,Product_622,Clothing,108.63,1.2,456,875,469,398,553
623,Product_623,Health,188.38,3.2,957,652,573,18,52
624,Product_624,Books,244.84,4.8,109,172,937,574,479
625,Product_625,Toys,311.04,1.7,268,9,843,490,442
626,Product_626,Electronics,187.61,3.8,445,739,681,750,329
627,Product_627,Electronics,233.95,1.8,240,264,444,418,250
628,Product_628,Health,375,3.1,929,437,268,336,806
629,Product_629,Clothing,23.16,1.4,301,759,266,418,889
630,Product_630,Sports,129.96,2.8,602,246,53,914,782
631,Product_631,Electronics,358.11,4,103,666,527,915,966
632,Product_632,Electronics,448.13,2.4,988,545,519,611,924
633,Product_633,Electronics,258.28,3.7,250,498,615,674,122
634,Product_634,Books,268.4,4.2,453,128,58,927,878
635,Product_635,Electronics,58.05,4.7,520,671,824,121,386
636,Product_636,Home & Kitchen,226.47,1.9,153,600,39,431,338
637,Product_637,Toys,268.65,2.6,859,604,236,43,777
638,Product_638,Health,125.02,1.6,174,326,954,871,347
639,Product_639,Electronics,138.28,5,343,752,385,919,28
640,Product_640,Sports,191.76,4.7,670,834,605,316,974
641,Product_641,Sports,14.94,3.2,431,979,733,380,34
642,Product_642,Electronics,164.43,4.4,727,403,715,144,517
643,Product_643,Electronics,109.67,3.1,689,628,649,326,395
644,Product_644,Home & Kitchen,167.11,3.5,687,605,299,362,622
645,Product_645,Electronics,64.28,1.4,852,674,394,49,293
646,Product_646,Electronics,445.81,4,850,610,206,64,588
647,Product_647,Toys,298.83,1.5,658,624,335,354,348
648,Product_648,Sports,341.16,4.3,962,358,592,799,146
649,Product_649,Home & Kitchen,395.64,4.1,324,602,729,163,66
650,Product_650,Sports,251.73,3.8,990,857,513,140,903
651,Product_651,Home & Kitchen,48.03,1.1,673,717,177,965,519
652,Product_652,Sports,270.87,2.2,639,16,395,825,121
653,Product_653,Electronics,295.49,2.1,420,273,370,127,339
654,Product_654,Sports,373.99,2.4,594,684,857,397,174
655,Product_655,Sports,218.67,1.4,485,115,790,932,899
656,Product_656,Home & Kitchen,68.15,4.7,659,860,657,879,690
657,Product_657,Health,145.47,3.2,751,979,317,462,596
658,Product_658,Clothing,184.73,2.2,412,692,735,750,450
659,Product_659,Home & Kitchen,324.73,2.6,936,90,368,835,556
660,Product_660,Home & Kitchen,287.54,2.8,84,81,383,807,135
661,Product_661,Home & Kitchen,181.27,3.4,113,323,61,186,854
662,Product_662,Books,493.33,3.1,737,960,805,719,15
663,Product_663,Health,304.86,4.7,332,113,504,731,332
664,Product_664,Books,122.43,3,378,768,238,911,194
665,Product_665,Books,55.38,5,755,57,194,189,495
666,Product_666,Home & Kitchen,80.67,4.4,655,153,677,387,8
667,Product_667,Clothing,126.75,1.8,41,876,962,428,827
668,Product_668,Home & Kitchen,84.54,4.7,935,403,221,857,333
669,Product_669,Electronics,97.35,1.5,770,627,60,283,332
670,Product_670,Clothing,146.12,4.3,959,854,128,863,326
671,Product_671,Books,90.82,2.5,797,265,989,236,14
672,Product_672,Sports,448.9,4.5,105,314,684,193,838
673,Product_673,Sports,44.72,4.5,202,714,991,286,613
674,Product_674,Health,264.63,4.2,450,40,155,770,225
675,Product_675,Toys,208.15,4.2,819,104,916,757,424
676,Product_676,Health,491.28,2.2,843,900,377,135,789
677,Product_677,Clothing,60.46,1.3,973,889,621,791,407
678,Product_678,Books,201.94,2.6,266,192,780,782,112
679,Product_679,Clothing,484.89,1.7,910,400,922,170,996
680,Product_680,Clothing,433.43,3.8,210,277,867,158,427
681,Product_681,Sports,409.45,2.4,563,353,902,200,0
682,Product_682,Home & Kitchen,132.66,4.9,118,748,789,486,265
683,Product_683,Electronics,89.59,3.6,713,936,585,556,490
684,Product_684,Toys,335.98,4.3,377,732,998,961,207
685,Product_685,Books,465.04,1.5,551,579,436,775,621
686,Product_686,Clothing,280.6,4.4,540,708,974,582,711
687,Product_687,Toys,287.95,4.7,771,255,206,503,951
688,Product_688,Clothing,143.59,2.9,84,650,387,875,368
689,Product_689,Sports,385.9,3.4,454,823,479,370,984
690,Product_690,Electronics,97.59,4.1,667,946,790,102,305
691,Product_691,Sports,165.22,1.7,629,660,886,124,11
692,Product_692,Toys,215.59,3,514,98,837,312,344
693,Product_693,Books,256.27,2.6,605,587,983,975,464
694,Product_694,Clothing,124.99,1.6,678,281,339,994,699
695,Product_695,Electronics,61.84,2.5,387,882,868,797,665
696,Product_696,Sports,307.26,1.3,912,402,339,457,493
697,Product_697,Toys,147.87,1.1,350,108,203,229,367
698,Product_698,Sports,292.71,1.5,296,699,160,657,845
699,Product_699,Clothing,81.41,4.9,258,198,539,881,936
700,Product_700,Clothing,243.16,3.2,81,302,391,196,419
701,Product_701,Books,268.63,4.9,937,326,768,884,888
702,Product_702,Electronics,30.65,2.7,268,153,676,732,790
703,Product_703,Home & Kitchen,171.62,2.2,419,551,574,422,170
704,Product_704,Sports,71.54,3,235,644,533,571,133
705,Product_705,Clothing,36.37,2.8,833,404,69,609,964
706,Product_706,Toys,495.03,1.4,311,461,892,170,426
707,Product_707,Sports,164.57,3.6,813,131,404,381,24
708,Product_708,Books,405.89,1.9,975,790,607,172,529
709,Product_709,Books,131.05,3.5,986,873,674,662,189
710,Product_710,Clothing,342.34,3.6,357,83,590,452,140
711,Product_711,Clothing,381.31,1.6,213,398,516,349,554
712,Product_712,Clothing,299.84,1.2,574,753,827,901,845
713,Product_713,Health,238.43,4.1,49,627,119,951,795
714,Product_714,Home & Kitchen,208.86,2.8,127,108,813,633,657
715,Product_715,Clothing,177.69,1.2,223,220,689,493,314
716,Product_716,Sports,465.12,5,921,903,687,619,443
717,Product_717,Sports,416.16,1.2,279,552,901,3,318
718,Product_718,Health,482.69,3.8,408,367,216,92,440
719,Product_719,Health,66.53,4.9,505,146,55,918,91
720,Product_720,Electronics,366.78,2,294,111,365,5,178
721,Product_721,Toys,469.48,1.6,796,614,698,287,55
722,Product_722,Clothing,94.71,1.5,277,557,503,617,154
723,Product_723,Sports,37.92,2.2,438,923,743,145,671
724,Product_724,Health,371.85,1.4,107,493,766,782,110
725,Product_725,Sports,289.36,3.8,658,504,924,423,136
726,Product_726,Sports,421.71,1.2,420,474,454,889,231
727,Product_727,Health,74.19,3,611,835,103,607,991
728,Product_728,Home & Kitchen,398.66,5,429,889,76,456,467
729,Product_729,Health,104.81,4.3,375,270,229,740,731
730,Product_730,Health,86.01,3.5,73,994,913,201,480
731,Product_731,Toys,86.31,2.2,949,420,257,211,67
732,Product_732,Health,408.21,3.5,998,896,263,5,813
733,Product_733,Books,334.27,3.1,634,706,330,623,248
734,Product_734,Health,263.92,2.7,30,366,992,375,993
735,Product_735,Sports,182.62,1.5,188,279,181,890,322
736,Product_736,Clothing,439.21,4.5,364,282,892,446,921
737,Product_737,Sports,199.26,2.8,866,39,767,834,903
738,Product_738,Toys,409.22,1.8,800,958,549,105,517
739,Product_739,Books,222.37,2.5,451,188,687,650,975
740,Product_740,Health,191.59,2.7,195,163,26,810,791
741,Product_741,Home & Kitchen,234.03,4.3,156,993,275,400,431
742,Product_742,Electronics,154.18,3.9,172,988,651,95,486
743,Product_743,Health,375.07,4.1,847,535,298,387,605
744,Product_744,Clothing,253.85,1,41,535,956,958,428
745,Product_745,Electronics,119.95,2.7,63,3,798,451,268
746,Product_746,Home & Kitchen,450.29,2.9,23,834,90,848,708
747,Product_747,Toys,195.03,1.1,360,289,479,808,536
748,Product_748,Toys,274.06,2,75,952,572,978,147
749,Product_749,Home & Kitchen,453.7,4,560,432,457,900,117
750,Product_750,Sports,314,1.5,672,470,450,415,849
751,Product_751,Home & Kitchen,62.86,3.1,825,180,364,725,366
752,Product_752,Health,470.22,1.9,118,247,858,503,849
753,Product_753,Clothing,315.72,1,612,627,674,453,65
754,Product_754,Books,170.78,2,380,278,350,290,969
755,Product_755,Health,73.94,4.9,929,876,654,533,812
756,Product_756,Health,398.04,4.2,920,580,399,192,369
757,Product_757,Health,311.94,4.8,679,862,252,979,174
758,Product_758,Electronics,269.06,3,290,253,780,149,830
759,Product_759,Electronics,447.48,1.4,440,180,880,879,587
760,Product_760,Toys,395.36,3.2,668,829,802,758,494
761,Product_761,Health,80.08,2.8,933,680,458,778,972
762,Product_762,Sports,159.3,4.4,7,824,698,972,113
763,Product_763,Toys,128,1.4,196,508,916,762,110
764,Product_764,Clothing,373.25,3,421,760,498,514,760
765,Product_765,Home & Kitchen,21.6,1.6,568,699,949,392,438
766,Product_766,Electronics,287.1,2.3,833,565,970,315,714
767,Product_767,Health,382.42,3.9,193,325,925,75,146
768,Product_768,Clothing,439,2.9,559,356,507,598,34
769,Product_769,Toys,174.33,2.5,148,824,303,269,998
770,Product_770,Toys,411.52,2.6,787,649,500,224,308
771,Product_771,Electronics,59.76,2.8,669,679,802,529,537
772,Product_772,Toys,423.99,4.1,202,390,597,112,749
773,Product_773,Sports,68.11,4.6,444,614,165,250,13
774,Product_774,Toys,201.66,4.8,914,933,414,232,373
775,Product_775,Books,399.66,4.1,988,84,461,840,556
776,Product_776,Home & Kitchen,79.21,2.3,419,316,919,790,427
777,Product_777,Toys,118.48,3.8,427,211,113,713,727
778,Product_778,Books,362.52,2.8,479,514,432,82,232
779,Product_779,Clothing,361.42,2,475,383,991,124,704
780,Product_780,Toys,322.37,4.4,126,690,355,174,562
781,Product_781,Sports,348.5,1.2,395,341,927,68,938
782,Product_782,Clothing,273.65,4.6,817,814,694,46,886
783,Product_783,Health,129.64,2.8,881,963,206,883,725
784,Product_784,Toys,176.12,3.5,806,987,767,255,662
785,Product_785,Electronics,94.89,3.6,576,843,234,726,439
786,Product_786,Books,454.68,4.6,325,37,441,29,501
787,Product_787,Books,293.78,3.5,392,510,354,280,274
788,Product_788,Electronics,203.42,3.5,930,419,514,923,849
789,Product_789,Home & Kitchen,233.69,1.3,688,750,207,993,75
790,Product_790,Health,473.91,3.1,628,168,708,236,438
791,Product_791,Sports,80.91,1.6,440,964,852,247,731
792,Product_792,Books,295.18,3.9,204,908,124,367,859
793,Product_793,Clothing,255.41,3,486,342,137,494,955
794,Product_794,Sports,307.67,3.7,833,825,338,24,698
795,Product_795,Books,13.96,1.2,31,305,536,585,288
796,Product_796,Health,436.7,1.3,388,541,67,717,914
797,Product_797,Home & Kitchen,466.4,3.9,625,701,572,489,539
798,Product_798,Health,284.74,1.3,877,868,540,493,890
799,Product_799,Clothing,349.84,1.3,434,536,382,313,691
800,Product_800,Health,461.64,1,837,111,18,605,252
801,Product_801,Sports,355.08,4.8,926,410,682,374,125
802,Product_802,Clothing,80.51,4,376,946,449,638,176
803,Product_803,Electronics,290.26,2.4,344,205,73,936,36
804,Product_804,Toys,305.32,2.2,443,184,572,24,409
805,Product_805,Electronics,214.94,2.4,579,381,938,333,610
806,Product_806,Sports,369.54,4.1,75,495,664,354,609
807,Product_807,Toys,467.51,3.6,557,378,275,115,126
808,Product_808,Electronics,463.16,1.7,772,46,47,47,482
809,Product_809,Toys,228.17,1.7,666,885,210,737,167
810,Product_810,Books,61.05,1.4,155,739,854,777,591
811,Product_811,Health,492.5,3.6,430,550,919,98,293
812,Product_812,Clothing,420.25,4.1,363,527,650,458,844
813,Product_813,Toys,66.71,2.1,448,503,621,522,637
814,Product_814,Books,460.82,1.1,987,21,993,596,342
815,Product_815,Health,435.6,1.3,234,212,694,404,309
816,Product_816,Health,261.82,4.9,563,309,539,213,661
817,Product_817,Home & Kitchen,297.68,2.2,818,660,708,684,527
818,Product_818,Electronics,202.51,4.1,262,967,190,902,539
819,Product_819,Home & Kitchen,32.11,3.5,827,752,314,502,418
820,Product_820,Sports,170.92,2.5,125,271,900,720,443
821,Product_821,Books,402.41,1.8,911,570,562,447,684
822,Product_822,Home & Kitchen,7.29,1.5,245,798,660,893,557
823,Product_823,Home & Kitchen,170.08,3.5,542,937,779,575,839
824,Product_824,Health,202.09,4.1,938,201,561,257,235
825,Product_825,Books,271.01,3.6,485,31,899,843,438
826,Product_826,Health,460.33,3.1,122,442,757,120,213
827,Product_827,Clothing,176.44,1.2,125,161,112,809,84
828,Product_828,Toys,176.74,4.9,549,766,169,977,793
829,Product_829,Sports,370.06,4.2,170,253,467,53,743
830,Product_830,Sports,228.85,2.2,124,520,677,330,84
831,Product_831,Electronics,116.18,4.9,869,976,920,783,920
832,Product_832,Health,228.96,3.4,35,650,13,240,488
833,Product_833,Toys,74.72,3.3,87,479,714,754,64
834,Product_834,Electronics,92.31,4,646,9,287,529,645
835,Product_835,Sports,251.69,4.2,708,725,906,482,662
836,Product_836,Toys,212.37,3.6,786,504,188,186,626
837,Product_837,Home & Kitchen,457.85,1.5,201,784,913,857,63
838,Product_838,Clothing,184.38,2.4,369,835,154,655,342
839,Product_839,Home & Kitchen,292.39,4.7,797,559,566,261,938
840,Product_840,Clothing,317.97,1.9,77,435,693,952,874
841,Product_841,Health,11.48,2.5,59,110,721,363,918
842,Product_842,Books,333.45,2.7,431,152,887,490,351
843,Product_843,Electronics,93.13,2.8,638,634,470,430,157
844,Product_844,Electronics,480.73,3.5,500,916,74,238,588
845,Product_845,Books,78.59,4.8,913,868,276,303,490
846,Product_846,Toys,210.24,2,109,101,939,297,657
847,Product_847,Books,47.25,1.5,736,752,644,75,854
848,Product_848,Health,498.45,1.8,278,832,342,699,462
849,Product_849,Sports,253.59,4.5,68,190,424,332,224
850,Product_850,Books,299.72,3.6,69,728,570,899,916
851,Product_851,Clothing,38.2,2.1,165,562,510,998,312
852,Product_852,Sports,376.23,4.3,489,803,856,757,614
853,Product_853,Books,108.9,4.4,305,80,1000,641,918
854,Product_854,Electronics,449.54,4.4,909,488,181,473,858
855,Product_855,Home & Kitchen,106.54,4.7,674,894,457,826,812
856,Product_856,Clothing,99.39,2,365,87,917,922,939
857,Product_857,Health,23.09,4,854,193,850,282,465
858,Product_858,Clothing,238.67,2.8,821,103,832,590,87
859,Product_859,Toys,284.6,4.4,379,782,63,71,882
860,Product_860,Home & Kitchen,37.53,3.9,343,95,838,262,302
861,Product_861,Clothing,388.89,4.1,947,422,259,702,679
862,Product_862,Books,229.38,3.6,899,890,192,878,434
863,Product_863,Clothing,264.57,1.7,554,197,654,886,681
864,Product_864,Clothing,223.18,3.2,354,0,615,941,134
865,Product_865,Clothing,203.38,4.9,416,406,971,574,49
866,Product_866,Toys,282.02,4.7,109,377,405,999,431
867,Product_867,Clothing,81.84,1.2,563,166,725,891,339
868,Product_868,Clothing,95.05,1.7,762,508,753,11,346
869,Product_869,Toys,431.58,1.5,497,637,942,140,645
870,Product_870,Sports,473.33,3.9,341,312,720,765,346
871,Product_871,Home & Kitchen,189.79,4.3,942,592,92,554,648
872,Product_872,Health,139.02,1.9,383,417,429,16,244
873,Product_873,Sports,323.78,3,533,762,653,62,108
874,Product_874,Electronics,207.32,4.4,300,680,433,252,824
875,Product_875,Toys,17.57,3.9,139,476,403,464,798
876,Product_876,Toys,82.3,3.2,359,72,433,375,532
877,Product_877,Clothing,359.41,3.4,836,140,111,803,89
878,Product_878,Clothing,331.17,3,499,581,928,980,295
879,Product_879,Health,18.41,2.2,385,261,374,519,111
880,Product_880,Electronics,114.88,3.3,604,339,58,836,812
881,Product_881,Clothing,119.38,3.8,959,307,42,89,588
882,Product_882,Books,337.59,4.5,280,244,206,719,176
883,Product_883,Clothing,14.76,3.5,637,514,779,803,342
884,Product_884,Clothing,56.53,4,483,336,295,795,659
885,Product_885,Books,400.96,1.6,909,574,117,629,100
886,Product_886,Electronics,93.38,2.8,111,560,531,860,757
887,Product_887,Books,328.11,1,866,75,221,174,628
888,Product_888,Toys,122.9,2,139,879,165,75,603
889,Product_889,Books,54.22,3.9,996,174,642,612,400
890,Product_890,Home & Kitchen,125.37,5,435,108,155,925,27
891,Product_891,Toys,362.52,1.4,509,182,183,662,936
892,Product_892,Clothing,428.57,2.6,273,191,89,399,961
893,Product_893,Health,415.96,4.2,99,64,93,781,536
894,Product_894,Toys,201.61,1.8,764,848,12,969,57
895,Product_895,Electronics,335.7,3.2,850,962,972,70,497
896,Product_896,Electronics,106.47,3.9,104,473,833,179,296
897,Product_897,Books,150.11,3.5,214,782,804,123,133
898,Product_898,Toys,448.69,1.8,761,99,944,380,330
899,Product_899,Clothing,11.44,2.4,664,543,741,292,248
900,Product_900,Electronics,47.33,4.1,762,863,833,796,549
901,Product_901,Sports,107.9,3.2,787,127,803,194,901
902,Product_902,Clothing,18.13,1,165,451,437,910,940
903,Product_903,Sports,94.81,4,999,913,537,227,74
904,Product_904,Home & Kitchen,293.61,1.1,853,368,586,430,653
905,Product_905,Sports,213.61,4,520,850,967,941,833
906,Product_906,Electronics,446.87,1.8,284,42,875,435,167
907,Product_907,Books,409.63,4.8,517,883,935,786,770
908,Product_908,Home & Kitchen,174.2,2.5,657,418,810,460,502
909,Product_909,Toys,133.41,2.3,613,487,149,617,884
910,Product_910,Clothing,192.95,1.6,164,77,659,20,354
911,Product_911,Electronics,297.2,2.2,886,825,7,63,224
912,Product_912,Home & Kitchen,137.69,4.5,659,800,28,164,663
913,Product_913,Home & Kitchen,313.95,5,64,269,295,26,530
914,Product_914,Electronics,207.66,2.5,91,673,985,310,145
915,Product_915,Toys,278.26,2.8,117,700,925,284,959
916,Product_916,Toys,220.88,3.9,866,758,720,659,240
917,Product_917,Books,150.76,4.5,267,899,639,280,883
918,Product_918,Health,474.48,3.4,822,727,339,837,892
919,Product_919,Sports,382.98,2.6,685,314,627,830,343
920,Product_920,Toys,74.36,2.7,559,924,438,163,748
921,Product_921,Books,434.89,3.8,140,850,143,897,34
922,Product_922,Sports,246.28,1,246,901,941,917,701
923,Product_923,Home & Kitchen,447.8,3.5,661,888,829,223,0
924,Product_924,Electronics,400.93,2.4,758,992,746,783,995
925,Product_925,Toys,215.48,4.2,395,944,518,145,152
926,Product_926,Books,16.12,1.4,487,167,975,964,428
927,Product_927,Home & Kitchen,138,3.4,476,338,44,949,944
928,Product_928,Toys,273.11,2.9,517,192,954,867,507
929,Product_929,Clothing,318.57,3.6,977,452,238,29,125
930,Product_930,Health,132.65,1.3,184,282,951,44,490
931,Product_931,Home & Kitchen,73.98,3.3,20,335,943,786,481
932,Product_932,Toys,418.29,3.2,937,389,154,470,344
933,Product_933,Home & Kitchen,492.28,3.2,558,999,180,33,911
934,Product_934,Electronics,265.22,3.4,524,524,214,652,737
935,Product_935,Electronics,89.98,3.7,582,239,87,426,220
936,Product_936,Health,139.79,4.2,529,831,255,829,914
937,Product_937,Electronics,14.1,2.1,883,957,510,885,918
938,Product_938,Sports,457.58,4.3,147,482,72,220,722
939,Product_939,Clothing,63.29,3,666,658,930,867,24
940,Product_940,Electronics,290.38,1.3,304,715,178,533,527
941,Product_941,Clothing,140.66,1.2,620,591,211,691,181
942,Product_942,Electronics,279.32,2.3,748,890,804,947,498
943,Product_943,Sports,327.45,4.1,820,554,233,366,840
944,Product_944,Home & Kitchen,415.72,3.8,864,457,464,931,640
945,Product_945,Toys,107.18,4.2,582,88,750,840,41
946,Product_946,Toys,10.44,3.1,695,659,222,742,914
947,Product_947,Electronics,72.76,2.8,762,94,630,914,480
948,Product_948,Toys,450.51,1.6,228,451,824,549,929
949,Product_949,Electronics,437.58,2.3,102,427,263,581,847
950,Product_950,Electronics,300.72,2.7,587,150,206,115,747
951,Product_951,Health,302.26,1.4,417,513,606,238,871
952,Product_952,Books,334.19,1.9,958,375,884,334,438
953,Product_953,Books,91.81,3.4,216,21,733,440,401
954,Product_954,Health,457.63,3.9,407,882,365,147,545
955,Product_955,Books,212.29,5,399,312,275,8,344
956,Product_956,Clothing,194.65,4.7,923,996,379,287,892
957,Product_957,Books,261.86,3.6,715,839,742,387,44
958,Product_958,Electronics,28.25,2.7,704,518,308,49,645
959,Product_959,Sports,87.31,3.5,761,205,630,849,20
960,Product_960,Sports,370.33,4.1,499,951,267,516,633
961,Product_961,Home & Kitchen,45.99,1.5,754,374,944,915,69
962,Product_962,Books,303.56,2.6,465,450,784,854,863
963,Product_963,Sports,126.45,4.4,691,625,63,637,872
964,Product_964,Books,197.7,2.5,949,783,809,586,47
965,Product_965,Home & Kitchen,147.9,3.3,974,594,349,676,490
966,Product_966,Sports,181.06,3.4,731,178,924,277,550
967,Product_967,Electronics,360.93,1.7,82,209,914,953,286
968,Product_968,Clothing,152.08,2.4,604,499,493,835,9
969,Product_969,Health,285.37,2.3,947,463,522,988,541
970,Product_970,Health,240.64,1.1,687,839,97,299,755
971,Product_971,Health,333.52,1.1,751,123,945,801,273
972,Product_972,Books,468.73,4.3,772,992,70,588,955
973,Product_973,Sports,367.62,2.1,903,112,363,809,599
974,Product_974,Sports,111.4,3.1,365,11,569,648,755
975,Product_975,Home & Kitchen,20.44,2.2,163,125,801,617,380
976,Product_976,Electronics,134.82,4.8,48,564,762,606,328
977,Product_977,Toys,299.56,2,511,330,275,134,478
978,Product_978,Sports,30.46,2.7,329,900,49,579,14
979,Product_979,Clothing,250.7,4.5,840,282,357,146,515
980,Product_980,Home & Kitchen,300.44,4.4,116,139,727,489,190
981,Product_981,Sports,170.45,1.7,941,400,905,477,167
982,Product_982,Sports,386.6,4.2,849,901,927,158,520
983,Product_983,Home & Kitchen,57.77,2.8,337,96,563,383,620
984,Product_984,Home & Kitchen,42.19,2.9,881,516,782,162,136
985,Product_985,Books,365.45,1.5,737,568,484,440,153
986,Product_986,Sports,250.27,1.3,864,923,83,852,387
987,Product_987,Toys,345.76,3.9,840,845,898,188,208
988,Product_988,Clothing,220.24,3,147,68,804,414,271
989,Product_989,Electronics,126.97,2.7,575,117,637,338,142
990,Product_990,Electronics,410.46,3.9,806,887,807,606,610
991,Product_991,Toys,400.71,4.1,323,58,583,180,888
992,Product_992,Home & Kitchen,348.87,1.6,443,32,295,287,819
993,Product_993,Home & Kitchen,139.71,3.4,837,317,235,833,68
994,Product_994,Home & Kitchen,297.16,1.5,13,49,55,186,246
995,Product_995,Sports,183.68,4,943,879,918,883,260
996,Product_996,Home & Kitchen,50.33,3.6,494,488,359,137,787
997,Product_997,Home & Kitchen,459.07,4.8,701,18,906,129,78
998,Product_998,Sports,72.73,1.3,287,725,109,193,657
999,Product_999,Sports,475.37,1.2,720,196,191,315,622
1000,Product_1000,Toys,225.77,2.1,114,890,903,983,769
